{
    "Enemy0": {
        "pos": [
            -0.4000000059604645,
            1.7999999523162842,
            0.0
        ],
        "type": [
            0
        ]
    }
}
