{
    "Enemy0": {
        "pos": [
            40.0,
            0.0,
            0.0
        ],
        "type": [
            1
        ],
        "velocity": [
            -0.9995760321617126,
            0.029115252196788788,
            0.0
        ]
    },
    "Enemy1": {
        "pos": [
            -40.0,
            0.0,
            10.0
        ],
        "type": [
            1
        ],
        "velocity": [
            0.9701381325721741,
            0.0002951494534499943,
            -0.24255312979221344
        ]
    }
}
