{
    "Enemy0": {
        "pos": [
            -40.0,
            0.0,
            -40.0
        ],
        "type": [
            0
        ],
        "velocity": [
            0.7071068286895752,
            0.0,
            0.7071068286895752
        ]
    },
    "Enemy1": {
        "pos": [
            -40.0,
            0.0,
            40.0
        ],
        "type": [
            0
        ],
        "velocity": [
            0.7071068286895752,
            0.0,
            -0.7071068286895752
        ]
    },
    "Enemy2": {
        "pos": [
            40.0,
            0.0,
            40.0
        ],
        "type": [
            0
        ],
        "velocity": [
            -0.7071068286895752,
            0.0,
            -0.7071068286895752
        ]
    },
    "Enemy3": {
        "pos": [
            40.0,
            0.0,
            -40.0
        ],
        "type": [
            0
        ],
        "velocity": [
            -0.7071068286895752,
            0.0,
            0.7071068286895752
        ]
    }
}
