{
    "Enemy1": {
        "pos": [
            -2.5,
            1.7999999523162842,
            30.0
        ],
        "type" :[
            0
        ]
    },
    "Enemy2": {
        "pos": [
            -1.0,
            1.7999999523162842,
            20.0
        ],
        "type" :[
            0
        ]
    }
}