{
    "Enemy0": {
        "pos": [
            -22.520000457763672,
            2.822086811065674,
            0.0
        ],
        "type": [
            0
        ],
        "velocity": [
            0.0,
            0.0,
            0.0
        ]
    },
    "Enemy1": {
        "pos": [
            -25.0,
            2.863670825958252,
            2.0
        ],
        "type": [
            0
        ],
        "velocity": [
            0.0,
            0.0,
            0.0
        ]
    },
    "Enemy2": {
        "pos": [
            -25.0,
            1.3318828344345093,
            -2.0
        ],
        "type": [
            0
        ],
        "velocity": [
            0.0,
            0.0,
            0.0
        ]
    }
}
