{
    "Enemy0": {
        "pos": [
            -2.9100000858306885,
            0.0,
            33.720001220703125
        ],
        "type": [
            0
        ]
    },
    "Enemy1": {
        "pos": [
            -2.9100000858306885,
            0.0,
            33.720001220703125
        ],
        "type": [
            0
        ]
    }
}
