{
    "Enemy0": {
        "pos": [
            40.0,
            0.0,
            0.0
        ],
        "type": [
            1
        ],
        "velocity": [
            -0.9057323336601257,
            0.42385008931159973,
            0.0
        ]
    },
    "Enemy1": {
        "pos": [
            -40.0,
            0.0,
            0.0
        ],
        "type": [
            1
        ],
        "velocity": [
            -0.309734046459198,
            0.9508232474327087,
            0.0
        ]
    }
}
