{
    "Enemy0": {
        "pos": [
            5.0,
            0.0,
            35.0
        ],
        "type": [
            0
        ]
    },
    "Enemy1": {
        "pos": [
            -3.059999942779541,
            0.0,
            32.06999969482422
        ],
        "type": [
            0
        ]
    }
}
