{
    "Enemy0": {
        "pos": [
            3.0299999713897705,
            0.0,
            -6.449999809265137
        ],
        "type": [
            1
        ],
        "velocity": [
            0.0,
            0.0,
            0.0
        ]
    }
}
