{
    "Enemy0": {
        "pos": {
            "x": 8.199999809265137,
            "y": 0.0,
            "z": 30.719999313354492
        },
        "type": 0
    },
    "Enemy1": {
        "pos": {
            "x": -3.359999895095825,
            "y": 0.0,
            "z": 30.719999313354492
        },
        "type": 0
    }
}
