{
    "Enemy0": {
        "pos": [
            1.9900083541870117,
            0.19866932928562164,
            22.510000228881836
        ],
        "type": [
            1
        ]
    }
}
