{
    "Enemy0": {
        "pos": [
            -40.0,
            20.0,
            10.0
        ],
        "type": [
            0
        ],
        "velocity": [
            0.8944272398948669,
            -0.44721361994743347,
            0.0
        ]
    },
    "Enemy1": {
        "pos": [
            -40.0,
            20.0,
            20.0
        ],
        "type": [
            0
        ],
        "velocity": [
            0.8944272398948669,
            -0.44721361994743347,
            0.0
        ]
    },
    "Enemy2": {
        "pos": [
            -40.0,
            20.0,
            0.0
        ],
        "type": [
            0
        ],
        "velocity": [
            0.8944272398948669,
            -0.44721361994743347,
            0.0
        ]
    }
}
