{
    "Boss": {
        "L_Eye_Translation": [
            -4.0,
            1.2999999523162842,
            11.0
        ],
        "OBB_Size": [
            9.0,
            6.5,
            12.5
        ],
        "R_Eye_Translation": [
            3.299999952316284,
            1.2999999523162842,
            11.0
        ],
        "body_Translation": [
            0.0,
            0.0,
            0.0
        ]
    }
}
