{
    "MidEnemy": {
        "L_Eye_Translation": [
            0.6000000238418579,
            0.4000000059604645,
            2.0999999046325684
        ],
        "R_Eye_Translation": [
            -0.6000000238418579,
            0.4000000059604645,
            2.0999999046325684
        ],
        "body_Translation": [
            0.0,
            0.0,
            0.0
        ]
    }
}
