{
    "Player": {
        "L_Arm_Translation": [
            -0.4000000059604645,
            1.7999999523162842,
            0.0
        ],
        "R_Arm_Translation": [
            0.4000000059604645,
            1.7999999523162842,
            0.0
        ],
        "face_Translation": [
            0.0,
            1.399999976158142,
            0.0
        ]
    }
}
