{
    "Player": {
        "Hp": 50,
        "L_Arm_Translation": [
            -1.399999976158142,
            0.20000000298023224,
            0.5
        ],
        "L_Eye_Translation": [
            -0.5,
            0.5,
            2.200000047683716
        ],
        "R_Arm_Translation": [
            1.399999976158142,
            0.20000000298023224,
            0.5
        ],
        "R_Eye_Translation": [
            0.5,
            0.5,
            2.200000047683716
        ],
        "face_Translation": [
            0.0,
            1.399999976158142,
            0.0
        ]
    }
}
